"","Observed","Shannon","Simpson","Chao1","Goods"
"Test1",10,2.1196809096731,0.853741496598639,10,1
"Test2",7,1.84613470040584,0.828125,7,1
